PUBUKPRN,UKPRN,COUNTRY,PUBUKPRNCOUNTRY,TEFMARKER,SUURL,SUURLW,Q24,Q24POP,Q24RESP_RATE
10000047,10001143,XF,XF,0,http://ccsu.co.uk/,,,,65
10000055,10000055,XF,XF,1,http://www.nus.org.uk/en/students-unions/abingdon-and-witney-college-students-union/,,38,53,80
10000093,10000093,XF,XF,1,http://www.accrosshighereducation.co.uk/AboutUs.html,,81,48,61
10000163,10000824,XF,XF,1,http://www.subu.org.uk/,,83,45,75
10000256,10007155,XF,XF,1,https://www.upsu.net/,,,,80
10000275,10000275,XF,XF,1,http://www.amersham.ac.uk/students/students-union/,,,,
10000291,10000291,XF,XF,1,http://www.angliastudent.com,,63,2805,75
10000385,10000385,XF,XF,1,http://www.aubsu.co.uk/,,67,760,85
10000409,10000409,XF,XF,1,http://www.asfc.ac.uk/adult-&-university-courses/fees-finance-student-support,,,,
10000415,10000415,XF,XF,1,http://www.askham-bryan.ac.uk/students/student-life,,57,120,85
10000473,10000473,XF,XF,1,http://www.aylesbury.ac.uk/student-life/information-for-new-students/,,,,
10000528,10000528,XF,XF,0,http://www.barkingdagenhamcollege.ac.uk/en/facilities/student-union.cfm,,63,36,58
10000533,10000533,XF,XF,1,http://www.barnetsouthgate.ac.uk/higher-education,,57,27,51
10000534,10000534,XF,XF,0,http://college.barnfield.ac.uk,,,,
10000536,10000536,XF,XF,0,http://universitycampus.barnsley.ac.uk/life-at-ucb/student-union/,,59,82,59
10000560,10000560,XF,XF,1,http://www.bcot.ac.uk/teaching-and-learning/student-union/,,,,
10000571,10000571,XF,XF,1,http://www.bathspasu.co.uk/,,64,945,70
10000610,10000610,XF,XF,1,http://www.bedford.ac.uk,,47,95,74
10000654,10000654,XF,XF,1,http://www.bca.ac.uk/courses/higher-education/,,67,17,71
10000670,10000670,XF,XF,1,http://www.bexhillcollege.ac.uk/,,,,
10000712,10000712,XF,XF,1,http://www.ucbsu.com/UCB-Guild-of-Students/index.php,,71,820,70
10000720,10000720,XF,XF,1,http://www.nus.org.uk/en/students-unions/bishop-auckland-college-students-union/,,66,45,82
10000721,10000721,XF,XF,1,http://www.bishopburton.ac.uk/student-life/working/student-association,,61,171,86
10000747,10000747,XF,XF,1,http://su.blackburn.ac.uk/,,68,378,62
10000754,10000754,XF,XF,1,http://www.blackpool.ac.uk/bsu,,67,524,69
10000794,10000794,XF,XF,1,http://www.boltoncollege.ac.uk/content/student-union,,71,33,94
10000812,10000812,XF,XF,1,http://www.boston.ac.uk/students/Pages/index.aspx,,69,31,74
10000820,10000820,XF,XF,0,http://www.bpcsu.com/bpche-su/,,60,65,65
10000824,10000824,XF,XF,1,http://www.subu.org.uk/,,78,1825,75
10000825,10000825,XF,XF,1,http://www.nus.org.uk/en/students-unions/,,30,12,75
10000833,10007802,XF,XF,1,http://www.rusu.co.uk/,,67,10,75
10000840,10000840,XF,XF,1,https://www.bradfordcollege.ac.uk/student-services/students-union,,62,516,74
10000878,10000878,XF,XF,1,http://www.bridgwater.ac.uk/college-information.php?category=84&amp;page=85,,60,176,86
10000886,10000886,XF,XF,1,http://www.brightonsu.com/,,59,2740,80
10000911,10007801,XF,XF,0,http://www.upsu.com/,,88,15,70
10000936,10000936,XF,XF,1,http://www.bso.ac.uk/train-to-be-an-osteopath/student-life/life-as-a-student/,,,,
10000944,10000944,XF,XF,1,http://www.brock.ac.uk/sixth-form/social,,,,
10000948,10000948,XF,XF,1,http://www.bromley.ac.uk/learner-info,,62,88,56
10000950,10000950,XF,XF,1,http://www.brooklands.ac.uk/facilities/student-union,,45,14,58
10000952,10000952,XF,XF,1,http://he.brooksbymelton.ac.uk/student-experience/student-union/,,78,18,78
10000961,10000961,XF,XF,1,http://www.brunelstudents.com,,74,1590,70
10000975,10000975,XF,XF,1,http://www.bucksstudentsunion.org/,,84,1265,75
10001000,10001000,XF,XF,1,http://www.uclansu.co.uk/,,61,69,65
10001004,10001004,XF,XF,1,http://www.staffsunion.com,,42,39,76
10001005,10001005,XF,XF,1,http://www.burycollege.ac.uk,,71,11,85
10001093,10001093,XF,XF,1,http://www.calderdale.ac.uk/content/view/study-at-calderdale/students-union,,55,31,72
10001143,10001143,XF,XF,1,http://ccsu.co.uk/,,62,1925,65
10001144,10001144,XF,XF,0,http://www.canterburycollege.ac.uk/student-information/students-union/,,,,
10001165,10001165,XF,XF,0,http://www.cardinalnewman.ac.uk/universitycourses/,,,,
10001196,10001196,XF,XF,1,http://www.carlisle.ac.uk/enrichment,,83,17,68
10001207,10001207,XF,XF,1,https://carshalton.ac.uk/,,31,58,66
10001282,10001282,XF,XF,1,http://mynsu.northumbria.ac.uk,,77,3825,75
10001309,10006299,XF,XF,0,http://www.staffsunion.com,,,,75
10001378,10001378,XF,XF,1,https://www.chesterfield.ac.uk/college-life/student-union,,65,48,55
10001386,10001386,XF,XF,1,http://www.chickenshed.org.uk,,100,20,70
10001446,10001446,XF,XF,1,http://www.cirencester.ac.uk,,,,
10001457,10001457,XF,XF,1,http://www.brightonsu.com/,,55,61,68
10001458,10001458,XF,XF,1,http://www.covcollege.ac.uk/,,,,
10001465,10001465,XF,XF,1,http://www.bathcollege.ac.uk/college-life/students-union,,50,17,71
10001467,10001467,XF,XF,1,http://www.cityofbristol.ac.uk,,48,87,64
10001474,10006299,XF,XF,0,http://www.staffsunion.com,,,,75
10001475,10001475,XF,XF,1,http://www.nus.org.uk,,58,109,77
10001476,10001476,XF,XF,1,http://www.cwc.ac.uk,,,,
10001478,10001478,XF,XF,1,http://www.city.ac.uk/alumni/benefits-and-services/students-union,,60,1855,80
10001503,10001503,XF,XF,1,http://hartlepool.ccad.ac.uk/student-union,,33,104,84
10001535,10001535,XF,XF,1,http://www.colchester.ac.uk/students/students-union/,,57,151,68
10001548,10001548,XF,XF,1,http://www.conel.ac.uk/for-learners/1002-the-students-union.html,,45,24,86
10001549,10001549,XF,XF,1,http://www.cnwl.ac.uk/college-life/student-council,,67,23,68
10001653,10001653,XF,XF,1,http://www.nus.org.uk,,69,300,80
10001696,10001696,XF,XF,1,http://www.cornwallstudents.org/,,50,145,53
10001726,10001726,XF,XF,1,http://www.cusu.org/,,79,3400,70
10001743,10001743,XF,XF,1,http://www.craven-college.ac.uk/index.php/higher-education-info/supporting-you/,,70,48,73
10001744,10001744,XF,XF,1,http://www.centralsussex.ac.uk,,85,26,51
10001778,10001778,XF,XF,1,http://www.croydon.ac.uk/courses/ucc/fees-and-funding,,60,118,58
10001850,10007161,XF,XF,1,http://www.tees-su.org.uk/,,50,45,65
10001883,10001883,XF,XF,1,http://www.demontfortstudents.com,,75,2600,75
10001897,10001897,XF,XF,1,http://www.dearne-coll.ac.uk/higher-education/why-study-at-dearne-valley-college/,,65,26,67
10001901,10001696,XF,XF,0,http://www.cornwallstudents.org/,,,,
10001919,10001919,XF,XF,1,http://www.dcsu.co.uk/,,33,83,86
10002005,10002005,XF,XF,1,http://www.don.ac.uk/studentunion/Pages/default.aspx,,37,147,82
10002011,10007146,XF,XF,0,http://www.suug.co.uk/,,57,45,75
10002061,10002061,XF,XF,1,http://www.centralbeds.ac.uk/college-life,,68,26,58
10002107,10002107,XF,XF,1,http://www.eastberks.ac.uk/,,91,28,76
10002126,10002126,XF,XF,1,https://www.eastridingcollege.ac.uk/life-at-east-riding-college,,65,27,66
10002130,10002130,XF,XF,1,https://www.esc.ac.uk/support-for-learning-in-higher-education,,64,34,63
10002143,10002143,XF,XF,1,http://www.eastleigh.ac.uk/,,20,12,80
10002344,10007146,XF,XF,0,http://www.suug.co.uk/,,85,45,75
10002370,10002370,XF,XF,1,http://www.exe-coll.ac.uk/HE/Life/Rep.aspx,,51,93,64
10002412,10002412,XF,XF,1,http://www.farn-ct.ac.uk/Life%20at%20College/National%20Union%20of%20Students,,42,95,82
10002599,10002599,XF,XF,1,http://www.furness.ac.uk/,,44,43,81
10002638,10002638,XF,XF,0,http://www.gateshead.ac.uk/student-services/students-union/,,64,66,59
10002681,10002681,XH,XH,0,http://www.theartschool.co.uk/,,76,265,80
10002696,10002696,XF,XF,1,http://www.gloscol.ac.uk/student-and-parent-guide/the-students-union/overview/,,49,51,65
10002718,10002718,XF,XF,1,http://www.goldsmithssu.org/,,49,980,70
10002743,10002743,XF,XF,1,http://www.grantham.ac.uk/student-life/student-support,,75,14,82
10002755,10014001,XF,XF,1,http://www.uosunion.org/,,68,45,70
10002767,10003957,XF,XF,0,http://www.liverpoolsu.com,,,,75
10002815,10002815,XF,XF,1,http://www.guildford.ac.uk/DegreeLevel/TheFunStuff/StudentsUnion.aspx,,19,68,66
10002843,10002843,XF,XF,1,http://www.hadlow.ac.uk/current-students/student-union/,,39,128,84
10002852,10002852,XF,XF,1,http://www.halesowen.ac.uk/index.cfm?contentarea=studentsUnion,,72,30,70
10002863,10002863,XF,XF,1,http://www.riverside.ac.uk,,83,30,88
10002869,10007848,XF,XF,0,http://www.chestersu.com/,,,,70
10002899,10002899,XF,XF,1,https://www.harlow-college.ac.uk,,41,25,71
10002917,10007161,XF,XF,1,http://www.tees-su.org.uk/,,82,45,65
10002919,10002919,XF,XF,1,http://su.hartpury.ac.uk/,,48,288,73
10002923,10002923,XF,XF,1,http://www.sussexcoast.ac.uk/courses/higher-education.html,,68,25,54
10002935,10002935,XF,XF,1,http://www.havering-college.ac.uk/students-union.html,,55,92,51
10003010,10003010,XF,XF,1,http://www.henley-cov.ac.uk/student-support/,,92,14,58
10003022,10003022,XF,XF,1,http://www.hca.ac.uk/students,,67,77,82
10003023,10003023,XF,XF,1,http://www.hlcollege.ac.uk/Student/learner-services.html,,57,45,66
10003035,10003035,XF,XF,1,http://www.hrc.ac.uk/pages/common/HRC.aspx?pg=4447,,74,57,61
10003146,10003146,XF,XF,0,http://www.hopwood.ac.uk/19-plus-students/higher-education/,,77,53,61
10003193,10003193,XF,XF,1,http://www.nus.org.uk/en/,,65,95,79
10003200,10003200,XF,XF,1,http://www.hcsu.co.uk/,,47,194,72
10003270,10003270,XF,XF,1,https://www.imperialcollegeunion.org/,,71,1515,80
10003406,10003406,XF,XF,1,https://www.iwcollege.ac.uk/information/student-services/student-support/,,50,19,70
10003558,10003558,XF,XF,1,http://www.uclansu.co.uk/,,41,21,68
10003614,10003614,XF,XF,1,http://www.winchesterstudents.co.uk/,,83,1370,80
10003645,10003645,XF,XF,1,http://www.kcl.ac.uk/campuslife/student/union.aspx,,65,2635,75
10003674,10003674,XF,XF,1,https://kingston-college.ac.uk/undergraduate/students-union,,56,166,66
10003676,10003676,XF,XF,1,http://www.kmc.ac.uk/student-life/student-council/,,40,24,75
10003678,10003678,XF,XF,1,http://www.kusu.co.uk/,,61,2840,70
10003708,10003708,XF,XF,1,http://www.knowsleycollege.ac.uk/higher-education/student-support/,,,,
10003753,10003753,XF,XF,0,http://www.lcwc.ac.uk/support/association/,,75,20,65
10003755,10004048,XF,XF,1,http://www.londonmetsu.org.uk/,,57,15,75
10003768,10003768,XF,XF,1,http://www.lmc.ac.uk/courses/school-leavers/students-union,,52,26,55
10003854,10003854,XF,XF,1,http://www.leeds-art.ac.uk/life-in-leeds/students-union/,,73,295,85
10003855,10003855,XF,XF,1,http://www.lcb.ac.uk/leeds-college/college-life/student-union,,79,18,86
10003861,10003861,XF,XF,1,http://www.leedsbeckettsu.co.uk/,,70,3435,75
10003863,10003863,XF,XF,1,http://www.leedstrinity.ac.uk/student-life/students-union,,62,640,75
10003867,10003867,XF,XF,1,https://leicestercollege.ac.uk/college-life/,,69,103,71
10003894,10003894,XF,XF,1,http://www.lesoco.ac.uk/,,44,29,71
10003928,10003928,XF,XF,0,http://www.lincolncollege.ac.uk/support,,38,42,69
10003945,10003945,XF,XF,1,http://www.liverpoolsu.com/,,46,170,75
10003955,10003955,XF,XF,1,http://my.liv-stu.co.uk/information/get-involved/student-union/,,79,72,61
10003956,10003956,XF,XF,1,http://www.hopesu.com/,,72,810,80
10003957,10003957,XF,XF,1,http://www.liverpoolsu.com,,50,3275,75
10004011,10000291,XF,XF,0,http://www.angliastudent.com,,,,75
10004048,10004048,XF,XF,1,http://www.londonmetsu.org.uk/,,64,1670,75
10004063,10004063,XF,XF,1,http://www.lsesu.com,,55,910,65
10004078,10004078,XF,XF,1,http://www.lsbu.ac.uk/student-life/students-union,,65,1785,70
10004112,10004112,XF,XF,1,http://www.lsu.co.uk,,75,159,63
10004113,10004113,XF,XF,1,http://www.lsu.co.uk/,,90,2500,80
10004116,10014001,XF,XF,1,http://www.uosunion.org/,,55,40,70
10004144,10004144,XF,XF,1,http://www.macclesfield.ac.uk,,59,44,56
10004180,10004180,XF,XF,1,https://www.theunionmmu.org/,,77,4905,75
10004222,10003678,XF,XF,0,http://www.kusu.co.uk/,,,,70
10004339,10004339,XF,XF,1,http://www.midchesh.ac.uk/student-union-learner-voice,,,,
10004340,10004340,XF,XF,1,http://www.midkent.ac.uk/help-advice/students-union/,,66,57,61
10004344,10007161,XF,XF,1,http://www.tees-su.org.uk/,,82,105,65
10004351,10004351,XF,XF,1,http://www.mdxsu.com/,,66,2540,75
10004375,10004375,XF,XF,1,http://www.mkcollege.ac.uk/page/student-council,,60,22,50
10004442,10004442,XF,XF,1,http://www.moulton.ac.uk/the-college/life-at-moulton/studying-at-moulton/student-association,,45,61,62
10004478,10004478,XF,XF,1,http://www.myerscough.ac.uk/students/student-life/students-union/,,58,202,71
10004576,10004576,XF,XF,1,http://www.newcollegedurham.ac.uk/the-college/students-union/,,79,172,81
10004577,10004577,XF,XF,1,https://www.ncn.ac.uk/studying-with-ncn/supporting-you,,50,118,81
10004579,10004579,XF,XF,1,http://www.newcollege.ac.uk/content/student-union,,33,35,85
10004580,10004580,XF,XF,1,http://www.nct.ac.uk/higher-education,,,,
10004596,10004596,XF,XF,1,http://www.newbury-college.ac.uk/,,78,10,91
10004599,10004599,XF,XF,1,http://www.ncl-coll.ac.uk/the-college/student-union,,49,790,78
10004603,10004603,XF,XF,1,http://www.nus.org.uk/,,,,
10004607,10004607,XF,XF,1,http://www.newham.ac.uk/studentsunion,,68,82,59
10004609,10003678,XF,XF,0,http://www.kusu.co.uk/,,67,15,70
10004676,10004676,XF,XF,1,http://www.petroc.ac.uk/he,,66,112,71
10004686,10004686,XF,XF,1,http://www.nescot.ac.uk/higher-education/support-for-he-students/,,53,46,58
10004690,10004690,XF,XF,1,http://www.uhsu.co.uk/,,,,
10004695,10004695,XF,XF,1,http://www.northlindsey.ac.uk/higher-education,,72,172,83
10004718,10004718,XF,XF,1,http://www.nwhc.ac.uk,,35,23,55
10004721,10004721,XF,XF,1,http://www.northkent.ac.uk/college-life/your-time-at-college.aspx,,69,51,77
10004736,10004736,XF,XF,1,https://www.northbrook.ac.uk/NBSU,,61,153,68
10004760,10004760,XF,XF,1,http://www.nus.org.uk/en/students-unions/,,67,25,60
10004772,10004772,XF,XF,0,http://ccnsu.unioncloud.org/,,43,277,72
10004775,10004775,XF,XF,1,http://www.nua.ac.uk/study/studentunion/,,47,365,70
10004797,10004797,XF,XF,1,http://www.trentstudents.org,,85,4135,75
10004835,10004835,XF,XF,1,http://www.herts.ac.uk/university-life/student-life,,84,35,67
10004927,10004927,XF,XF,1,http://www.activatelearning.ac.uk/university-level/our-colleges,,53,117,81
10004930,10004930,XF,XF,1,http://www.brookesunion.org.uk/,,43,2120,75
10005032,10005032,XF,XF,1,http://www.salfordcc.ac.uk,,,,
10005072,10005072,XF,XF,1,http://ace.psc.ac.uk/support/information.php,,63,24,65
10005077,10005077,XF,XF,1,http://www.ucp.ac.uk/supporting-you/,,33,24,60
10005124,10005124,XF,XF,1,http://plumpton.ac.uk,,35,39,62
10005127,10005127,XF,XF,1,http://www.plymouthart.ac.uk/studying/students-union/,,57,170,90
10005128,10005128,XF,XF,1,http://www.cityplym.ac.uk/su,,76,137,63
10005200,10005200,XF,XF,1,http://www.preston.ac.uk/studentservices/,,,,
10005337,10005337,XH,XH,0,http://qmusu.org.uk/,,43,530,70
10005343,10005343,XG,XG,0,http://www.qubsu.org/,,80,2895,75
10005389,10005389,XF,XF,1,http://ravesu.co.uk/,,47,540,80
10005404,10005404,XF,XF,1,http://www.reaseheath.ac.uk/students/student-association/,,52,139,79
10005410,10005410,XF,XF,1,http://vle.redbridge-college.ac.uk/,,,,
10005414,10007161,XF,XF,1,http://www.tees-su.org.uk/,,60,25,65
10005455,10007146,XF,XF,0,http://www.suug.co.uk/,,,,75
10005465,10005465,XF,XF,1,http://www.huish.ac.uk/student-life,,36,15,71
10005469,10005469,XF,XF,1,http://www.rutc.ac.uk/key-information/higher-education/538-useful-information.html,,,,
10005470,10005470,XF,XF,1,https://www.richmond.ac.uk/studentgovernment,,48,70,55
10005500,10005500,XH,XH,0,http://www.rguunion.co.uk,,50,1510,75
10005523,10005523,XF,XF,1,https://www.bruford.ac.uk/study/whilst-here/student-life/,,60,145,80
10005534,10005534,XF,XF,1,http://www.rotherham.ac.uk/HigherEducation,,54,21,64
10005545,10005545,XF,XF,1,https://www.rau.ac.uk/university-life/social/student-union,,62,230,80
10005553,10005553,XF,XF,1,http://www.su.rhul.ac.uk/,,62,1480,70
10005561,10005561,XH,XH,0,http://www.rcs.ac.uk,,53,165,85
10005575,10005575,XF,XF,1,http://www.uclansu.co.uk/,,60,55,53
10005583,10005583,XF,XF,1,https://www.facebook.com/ruskinstudentunion/?fref=nf,,50,17,65
10005669,10005669,XF,XF,1,http://www.sandwell.ac.uk/about/student-union/,,,,
10005700,10005700,XH,XH,0,http://www.sruc.ac.uk/info/120377/students_association,,49,155,60
10005736,10005736,XF,XF,1,http://www.seevic-college.ac.uk/higher-education/student-life.aspx,,,,
10005741,10005741,XF,XF,1,http://selby.ac.uk/,,44,12,100
10005788,10005788,XF,XF,1,http://www.sheffcol.ac.uk/courses/university-level,,55,83,68
10005790,10005790,XF,XF,1,http://www.shu.ac.uk/university/union/index.html,,56,4415,80
10005821,10005821,XF,XF,0,http://www.nus.org.uk/,,,,
10005946,10005946,XF,XF,1,http://www.solihull.ac.uk/courses.php?id=uni__level_learner&uid=Student_Services,,59,197,82
10005967,10005967,XF,XF,1,http://www.sccb.ac.uk,,70,214,51
10005972,10005972,XF,XF,1,http://www.scc.ac.uk,,,,
10005977,10005977,XF,XF,1,http://southdevon.ac.uk/university/the-student-voice,,53,169,69
10005979,10005979,XF,XF,1,http://www.nus.org.uk/,,90,34,83
10005981,10005981,XF,XF,1,http://www.southessex.ac.uk/student-life/student-life,,51,180,80
10005991,10005991,XF,XF,1,http://www.nus.org.uk/,,36,56,89
10005997,10005997,XF,XF,0,http://www.south-thames.ac.uk,,78,10,91
10005998,10005998,XF,XF,1,http://www.trafford.ac.uk,,67,33,72
10005999,10005999,XF,XF,1,http://www.stc.ac.uk/marine/who_we_are.php,,63,56,63
10006002,10006002,XF,XF,1,http://www.stratford.ac.uk/Home.aspx,,,,
10006020,10006020,XF,XF,1,https://www.southampton-city.ac.uk,,57,16,80
10006022,10006022,XF,XF,1,http://www.solentsu.co.uk/,,65,1720,70
10006038,10006038,XF,XF,0,http://southport.ac.uk/StudentServices/index.asp,,55,34,65
10006050,10006050,XF,XF,1,http://www.nus.org.uk/en/students-unions/,,35,101,74
10006174,10006174,XF,XF,1,http://www.sthelens.ac.uk,,58,71,67
10006226,10006226,XF,XF,0,http://www.stmarysblackburn.ac.uk/more-information/contact-us.html,,82,11,65
10006293,10006299,XF,XF,0,http://www.staffsunion.com,,54,30,75
10006299,10006299,XF,XF,1,http://www.staffsunion.com,,70,1750,75
10006303,10006303,XF,XF,1,http://www.stamford.ac.uk/student-union,,68,79,69
10006322,10006322,XF,XF,1,http://www.stephensoncoll.ac.uk/students/nus/,,,,
10006331,10006331,XF,XF,1,http://www.stockport.ac.uk/our-college/facilities/#1444295031135-7fee01b4-ae7b,,,,
10006341,10007161,XF,XF,1,http://www.tees-su.org.uk/,,81,70,65
10006349,10006299,XF,XF,0,http://www.staffsunion.com,,56,50,75
10006378,10006378,XF,XF,1,http://www.strode-college.ac.uk/services_support/students_association/242,,46,22,69
10006389,10007147,XF,XH,0,http://www.hertfordshire.su/,,,,75
10006398,10014001,XF,XF,1,http://www.uosunion.org/,,29,15,70
10006427,10006427,XF,XF,1,http://www.ucasu.com/,,53,1030,80
10006432,10006432,XF,XF,1,https://www.nus.org.uk/,,47,43,67
10006442,10006442,XF,XF,1,http://www.bmetc.ac.uk/college-life,,47,145,62
10006463,10006463,XF,XF,1,https://www.swindon.ac.uk/Student-Information/Student-Council-Course-Reps.aspx,,47,84,80
10006494,10006494,XF,XF,1,http://www.tameside.ac.uk/Pages/Higher_Education/student_voice.aspx,,67,10,50
10006549,10006549,XF,XF,1,http://www.nus.org.uk/en/students-unions/telford-college-of-art--technology-students-union,,56,40,56
10006566,10006566,XF,XF,1,http://www.uwlsu.com,,76,1505,85
10006770,10006770,XF,XF,0,http://www.uco.oldham.ac.uk/student/students-union/Default.aspx,,65,85,59
10006840,10006840,XF,XF,1,http://www.birmingham.ac.uk/students/birmingham/guild.aspx,,75,3865,75
10006841,10006841,XF,XF,1,http://www.ubsu.org.uk,,71,570,70
10006842,10006842,XF,XF,1,http://www.liverpoolguild.org/,,70,3550,75
10007011,10007011,XF,XF,1,http://www.northamptoncollege.ac.uk/support-for-students/348-students-union.html,,74,41,55
10007035,10007035,XF,XF,1,http://www.tresham.ac.uk/about-us/,,,,
10007063,10007063,XF,XF,1,http://www.truro-penwith.ac.uk/higher-education/student-services/upsu/,,62,193,63
10007114,10007114,XH,XH,0,http://www.hisa.uhi.ac.uk,,39,490,85
10007137,10007137,XF,XF,1,http://www.ucsu.org/,,75,915,70
10007138,10007138,XF,XF,1,http://www.northampton.ac.uk/about-us/services-and-facilities/students-union,,68,1715,70
10007139,10007139,XF,XF,1,http://www.worcsu.com,,68,1545,80
10007140,10007140,XF,XF,1,http://www.birminghamcitysu.com/,,71,3690,75
10007141,10007141,XF,XF,1,http://www.uclansu.co.uk/,,71,2625,70
10007143,10007143,XF,XF,1,http://www.dsu.org.uk/,,36,2775,75
10007144,10007144,XF,XF,1,http://www.uelunion.org/,,61,1625,70
10007145,10007145,XF,XF,1,http://www.yourstudentsunion.com/,,67,1205,75
10007146,10007146,XF,XF,1,http://www.suug.co.uk/,,63,2485,75
10007147,10007147,XF,XF,1,http://www.hertfordshire.su/,,74,3030,75
10007148,10007148,XF,XF,1,http://www.hud.ac.uk/undergraduate/student-life/students-union/,,71,2225,70
10007149,10007149,XF,XF,1,http://hullstudent.com/,,79,2260,75
10007150,10007150,XF,XF,1,http://www.kentunion.co.uk/,,73,3170,75
10007151,10007151,XF,XF,1,http://www.lincolnsu.com/support,,74,2260,70
10007152,10007152,XF,XF,1,http://www.bedssu.co.uk/,,67,1830,75
10007154,10007154,XF,XF,1,http://www.uonsu-success.co.uk/about-us/,,70,4650,75
10007155,10007155,XF,XF,1,https://www.upsu.net/,,79,3385,80
10007156,10007156,XF,XF,1,http://www.salfordstudents.com/,,70,2855,80
10007157,10007157,XF,XF,1,http://su.sheffield.ac.uk/,,96,3450,75
10007158,10007158,XF,XF,1,http://www.susu.org/,,66,2970,70
10007159,10007159,XF,XF,1,http://www.sunderlandsu.co.uk/,,60,1700,75
10007160,10007160,XF,XF,1,http://www.ussu.co.uk/Pages/Default.aspx,,77,1765,80
10007161,10007161,XF,XF,1,http://www.tees-su.org.uk/,,85,1590,65
10007162,10007162,XF,XF,1,http://www.suarts.org/about/contact,,60,2650,75
10007163,10007163,XF,XF,1,http://www.warwicksu.com,,73,2960,80
10007164,10007164,XF,XF,1,http://www.uwesu.org/,,72,3385,75
10007165,10007165,XF,XF,1,http://www.uwsu.com/,,58,2945,80
10007166,10007166,XF,XF,1,http://wlv.ac.uk/su,,64,2435,70
10007167,10007167,XF,XF,1,http://www.yusu.org/,,60,2390,70
10007193,10007193,XF,XF,1,http://www.uxbridgecollege.ac.uk,,66,67,92
10007289,10007289,XF,XF,1,http://www.nus.org.uk/en/students-unions/,,60,106,95
10007299,10006299,XF,XF,0,http://www.staffsunion.com,,,,75
10007407,10007407,XF,XF,1,http://www.west-cheshire.ac.uk/our-welcome/campus-life/west-cheshire-college-student-union/,,91,12,52
10007417,10007417,XF,XF,1,http://www.westherts.ac.uk/,,71,113,64
10007419,10007419,XF,XF,1,http://westkent.ac.uk/learner-information/student-services/1086-student-union.html,,54,30,63
10007427,10007427,XF,XF,1,http://www.wnc.ac.uk/Facilities-and-services/Students-union.aspx,,53,96,91
10007431,10014001,XF,XF,1,http://www.uosunion.org/,,49,70,70
10007434,10007434,XF,XF,1,http://www.west-thames.ac.uk/en/higher-education/,,46,62,62
10007455,10007455,XF,XF,1,http://www.nus.org.uk/,,64,222,51
10007459,10007459,XF,XF,1,http://www.ucw.ac.uk/,,65,233,78
10007469,10007469,XF,XF,1,http://www.weymouth.ac.uk/information/student-union/,,70,26,72
10007500,10007500,XF,XF,1,https://www.wigan-leigh.ac.uk/students-union,,52,73,66
10007527,10007527,XF,XF,0,http://www.wiltshire.ac.uk/studentlife/studentunion/parliament.asp,,52,74,70
10007553,10007553,XF,XF,1,http://wmc.ac.uk/the-college/about-wirral-met-college/232-students-union,,63,45,60
10007578,10007578,XF,XF,1,http://www.wolvcoll.ac.uk/union/,,52,25,71
10007657,10007657,XF,XF,1,http://www.writtle.ac.uk/Students'-Union,,57,160,80
10007696,10007696,XF,XF,1,http://www.ucy.ac.uk/student-guide/student-union/,,41,64,56
10007700,10001143,XF,XF,0,http://ccsu.co.uk/,,,,65
10007709,10007709,XF,XF,1,https://www.yorkcollege.ac.uk/intranet/358-support-departments/enrichment/1820-students-union.html,,60,90,79
10007713,10007713,XF,XF,1,http://www.ysjsu.com,,70,1175,75
10007759,10007759,XF,XF,1,http://www.astonunion.com/,,63,1265,70
10007760,10007760,XF,XF,1,http://www.birkbeckunion.org/,,58,895,60
10007761,10007761,XF,XF,1,http://www.courtauldsu.com,,75,30,65
10007762,10007762,XH,XH,0,http://www.gcu.ac.uk/kis/studentsassociation,,68,2160,70
10007764,10007764,XH,XH,0,http://www.hwunion.com,,58,1170,80
10007765,10007765,XF,XF,1,http://www.heythrop.ac.uk/student-life/heythrop-students-union,,51,40,70
10007767,10007767,XF,XF,1,http://www.keelesu.com/,,84,1335,70
10007768,10007768,XF,XF,1,http://www.lancaster.ac.uk/study/teaching-and-learning/students-union-support/,,62,2185,80
10007772,10007772,XH,XH,0,http://napierstudents.com/,,64,1745,80
10007773,10007773,XF,XF,1,http://www.open.ac.uk/ousa/,,62,14550,50
10007774,10007774,XF,XF,1,http://www.ousu.org,,34,1730,60
10007775,10007775,XF,XF,1,http://www.qmsu.org,,71,2110,70
10007776,10007776,XF,XF,1,http://www.roehamptonstudent.com/student-support/,,70,1250,80
10007778,10007778,XF,XF,1,http://www.rcm.ac.uk/life/studentservices/su/,,71,95,80
10007779,10007779,XF,XF,1,http://rvc-student-union.myshopify.com/,,65,305,90
10007780,10007780,XF,XF,1,http://soasunion.org/,,72,570,70
10007782,10007782,XF,XF,1,https://www.sgsu.org.uk,,66,550,75
10007783,10007783,XH,XH,0,http://www.ausa.org.uk/,,47,1615,75
10007784,10007784,XF,XF,1,http://uclu.org/,,66,3180,80
10007785,10007785,XF,XF,1,http://www.ubuonline.co.uk/,,79,1580,70
10007786,10007786,XF,XF,1,http://www.bristolsu.org.uk/,,54,2870,70
10007787,10007787,XF,XF,1,http://www.buckingham.ac.uk/life/social/su,,66,240,65
10007788,10007788,XF,XF,1,http://www.cusu.co.uk,,36,2065,65
10007789,10007789,XF,XF,1,http://www.ueastudent.com/,,68,1890,70
10007790,10007790,XH,XH,0,http://www.eusa.ed.ac.uk/,,59,3335,80
10007791,10007791,XF,XF,1,http://www.essexstudent.com,,77,1415,65
10007792,10007792,XF,XF,1,http://www.exeter.ac.uk/students/guild/,,79,3205,70
10007793,10007793,XI,XI,0,http://www.uswsu.com/,,60,2500,75
10007794,10007794,XH,XH,0,http://www.guu.co.uk,,76,2885,75
10007795,10007795,XF,XF,1,http://www.leedsuniversityunion.org.uk/,,92,4125,75
10007796,10007796,XF,XF,1,http://leicesterunion.com/about,,75,2040,70
10007798,10007798,XF,XF,1,http://manchesterstudentsunion.com/,,75,5000,70
10007799,10007799,XF,XF,1,http://www.ncl.ac.uk/undergraduate/life/union/,,80,3120,70
10007800,10007800,XH,XH,0,http://www.sauws.org.uk/,,52,2055,80
10007801,10007801,XF,XF,1,http://www.upsu.com/,,82,3085,70
10007802,10007802,XF,XF,1,http://www.rusu.co.uk/,,83,1875,75
10007803,10007803,XH,XH,0,http://www.st-andrews.ac.uk/study/why/life/students-association/,,77,1010,70
10007804,10007804,XH,XH,0,http://www.stir.ac.uk/campus-life/the-students-union/,,60,990,70
10007805,10007805,XH,XH,0,http://www.strathstudents.com/,,73,1780,70
10007806,10007806,XF,XF,1,http://www.sussex.ac.uk/students/induction/arrival/studentunion,,71,2290,80
10007807,10007807,XG,XG,0,http://www.uusu.org/,,55,3025,70
10007811,10007811,XF,XF,1,http://www.bgsu.co.uk/,,68,400,80
10007812,10007812,XF,XF,0,http://www.ulipsu.eu,,82,30,
10007814,10007814,XI,XI,0,http://www.cardiffstudents.com/,http://www.cardiffstudents.com/,87,3520,75
10007816,10007816,XF,XF,1,http://centralsu.tumblr.com/,,80,150,75
10007817,10007817,XF,XF,1,https://chichester.ac.uk/content/chi-su,,51,54,53
10007820,10007820,XI,XI,0,https://www.gllm.ac.uk/learner-information/learner-services-and-support/?LangType=2057,https://www.gllm.ac.uk/learner-information/learner-services-and-support/?LangType=1106,75,87,60
10007823,10007823,XF,XF,1,http://www.edgehillsu.org.uk/,,73,2035,70
10007825,10007825,XF,XF,1,https://www.facebook.com/GuildhallSU/,,48,125,90
10007832,10007832,XF,XF,1,http://www.newmansu.org,,57,400,80
10007833,10007833,XI,XI,0,http://www.studentsguild.glyndwr.ac.uk/,http://www.studentsguild.glyndwr.ac.uk/,70,605,65
10007835,10007835,XF,XF,1,http://www.ram.ac.uk/study/students-union,,59,55,70
10007837,10007837,XF,XF,1,http://www.rncm.ac.uk/study-here/students-union/,,76,90,85
10007838,10007793,XI,XI,0,http://www.uswsu.com/,,91,115,75
10007842,10007842,XF,XF,1,http://www.ucsu.me,,58,1165,80
10007843,10007843,XF,XF,1,http://www.stmaryssu.co.uk/,,67,810,80
10007848,10007848,XF,XF,1,http://www.chestersu.com/,,77,1765,70
10007849,10007849,XH,XH,0,http://www.abertaysa.com/,,64,645,70
10007850,10007850,XF,XF,1,http://www.bathstudent.com/,,83,1900,75
10007851,10007851,XF,XF,1,http://www.udsu.co.uk,,64,2380,80
10007852,10007852,XH,XH,0,http://www.dundee.ac.uk/general/campusguide/virtualtour/dusa/,,88,1520,80
10007854,10007854,XI,XI,0,http://www.cardiffmetsu.co.uk/,http://www.cardiffmetsu.co.uk/,69,1375,70
10007855,10007855,XI,XI,1,http://www.swansea-union.co.uk/,http://www.swansea-union.co.uk/,74,2295,75
10007856,10007856,XI,XI,0,http://www.abersu.co.uk/,http://www.umaber.co.uk/,62,1395,75
10007857,10007857,XI,XI,0,http://www.bangorstudents.com,http://www.myfyrwyrbangor.com,70,1590,75
10007858,10007858,XI,XI,0,http://www.tsdsu.co.uk/,http://www.tsdsu.co.uk/,58,1255,80
10007859,10007859,XF,XF,1,http://www.warwickshire.ac.uk/su/,,48,144,65
10007924,10007924,XF,XF,1,http://www.dudley.ac.uk/,,63,20,74
10007928,10007928,XF,XF,1,http://www.fareham.ac.uk,,,,
10007937,10007937,XF,XF,0,http://blog.gsm.org.uk/student-news/,,54,1045,50
10007938,10007938,XF,XF,1,http://www.ucgstudentunion.co.uk,,62,179,81
10007945,10007945,XF,XF,1,https://www.highbury.ac.uk/higher-education/,,71,18,69
10007977,10007977,XF,XF,1,http://www.howcollege.ac.uk/student-info/student-union/,,61,119,68
10008010,10008010,XG,XG,0,http://www.stran.ac.uk/informationfor/prospectivestudents/studentservices/studentsunion/,,76,170,65
10008017,10008017,XF,XF,1,http://www.trinitylaban.ac.uk/student-experience/life-outside-studies/trinity-laban-student-union,,63,160,85
10008026,10008026,XG,XG,0,http://www.smucb.ac.uk/academic/students/union.asp,,93,150,70
10008119,10008119,XI,XI,0,http://www.bridgend.ac.uk/student-union/,http://www.bridgend.ac.uk/student-union/,50,139,73
10008289,10008289,XF,XF,1,https://www.studentcentral.london/,,23,30,75
10008397,10008397,XF,XF,1,http://www.nus.org.uk/,,55,60,95
10008430,10007137,XF,XF,0,http://www.ucsu.org/,,0,15,70
10008569,10008569,XF,XF,1,http://www.tynemet.ac.uk/the-college/student-union-and-student-council,,63,70,79
10008640,10008640,XF,XF,1,http://www.fxu.org.uk,,77,880,80
10008912,10008912,XI,XI,0,http://www.coleggwentsu.com/,,65,133,77
10008914,10007793,XI,XI,0,http://www.uswsu.com/,,81,35,75
10009063,10003678,XF,XF,0,http://www.kusu.co.uk/,,,,70
10009614,10009614,XI,XI,0,http://www.nptcgroup.ac.uk/en/courses/higher-education/student-engagement.php,http://www.nptcgroup.ac.uk/cy/courses/higher-education/student-engagement.php,53,74,60
10009619,10007793,XI,XI,0,http://www.uswsu.com/,,65,90,75
10009947,10004048,XF,XF,0,http://www.londonmetsu.org.uk/,,,,75
10014001,10014001,XF,XF,1,http://www.uosunion.org/,,65,580,70
10021373,10006299,XF,XF,0,http://www.staffsunion.com,,45,10,75
10021682,10007791,XF,XF,1,http://www.essexstudent.com,,54,55,65
10022022,10000291,XF,XF,0,http://www.angliastudent.com,,,,75
10022087,10022087,XF,XF,1,http://www.uclansu.co.uk,,57,100,70
10023139,10023139,XF,XF,1,http://www.themanchestercollege.ac.uk/university-degree-level/support/council,,65,353,72
10023454,10023454,XF,XF,1,http://www.moorlands.ac.uk/private/student-council/,,56,45,85
10024962,10024962,XF,XF,1,http://lcomsu.co.uk/,,65,334,64
10030408,10030408,XI,XI,0,http://www.gcs.ac.uk/higher-education#!pnl_all,http://www.gcs.ac.uk/higher-education#!pnl_all,,,
10030973,10007848,XF,XF,0,http://www.chestersu.com/,,,,70
10031982,10031982,XF,XF,1,http://www.bppstudents.com,,54,590,60
10034286,10001143,XF,XF,0,http://ccsu.co.uk/,,,,65
10034450,10034450,XI,XI,0,http://moodle.cavc.ac.uk/mod/page/view.php?id=124251,http://moodle.cavc.ac.uk/mod/page/view.php?id=124251,47,79,80
10035638,10035638,XF,XF,1,http://www.nus.org.uk,,,,
10036143,10036143,XF,XF,1,http://www.sgscol.ac.uk/content.aspx?Page=student-union,,61,53,71
10036456,10006841,XF,XF,0,http://www.ubsu.org.uk,,,,70
10037449,10037449,XF,XF,1,http://www.marjonsu.co.uk/,,64,400,80
10037544,10037544,XF,XF,1,http://www.nus.org.uk,,,,
10037822,10037822,XF,XF,1,http://www.nus.org.uk/,,70,30,55
10038501,10006299,XF,XF,0,http://www.staffsunion.com,,33,15,75
10039956,10039956,XF,XF,1,http://www.law.ac.uk/about/student-life/,,65,80,85
10040812,10040812,XF,XF,1,http://www.harpersu.com,,85,410,80
10041563,10006841,XF,XF,0,http://www.ubsu.org.uk,,58,40,70
10042093,10007147,XF,XF,0,http://www.hertfordshire.su/,,,,75
10043164,10000975,XF,XF,0,http://www.bucksstudentsunion.org/,,43,75,75
10044301,10007791,XF,XF,0,http://www.essexstudent.com,,82,25,65
10046069,10008640,XF,XF,0,http://www.fxu.org.uk,,,,80
10046763,10007144,XF,XF,0,http://www.uelunion.org/,,,,70
99999997,99999997,XF,XF,0,http://www.umsa.org.uk/,,67,140,75
99999998,99999998,XF,XF,0,http://www.yusu.org/,,70,100,75
99999999,99999999,XF,XF,0,http://www.bsms.ac.uk/undergraduate/campus-life/student-life/,,80,110,90
